timestamp,agent,phase,track,status,files_changed,out_of_scope_count,validation_commands,validation_result,blockers,notes
2026-02-21T11:07:09Z,codex,01,backend,pass,"none (existing implementation verified)",0,"NONE (deferred to Phase 12 policy)","Deferred by autonomous loop policy",none,"Phase 01 backend baseline verified in existing code"
2026-02-21T11:15:03Z,codex,02,backend,pass,"src/main/assistant/assistant-bridge.ts",0,"NONE (deferred to Phase 12 policy)","Deferred by autonomous loop policy",none,"Delta accumulation/finalization lifecycle hardening implemented"
2026-02-21T11:24:41Z,codex,03,backend,pass,"src/main/assistant/assistant-bridge.ts;src/main/assistant/types.ts;src/main/ipc/handlers/assistant-handlers.ts;src/preload/index.ts",0,"NONE (deferred to Phase 12 policy)","Deferred by autonomous loop policy",none,"Regenerate contract + attempt-aware history payload added"
2026-02-21T11:30:16Z,codex,04,backend,pass,"src/main/assistant/assistant-bridge.ts;src/main/assistant/types.ts",0,"NONE (deferred to Phase 12 policy)","Deferred by autonomous loop policy",none,"Reasoning/activity event normalization and turn/attempt binding added"
2026-02-21T11:37:58Z,codex,05,backend,pass,"src/main/assistant/assistant-bridge.ts;src/main/assistant/types.ts",0,"NONE (deferred to Phase 12 policy)","Deferred by autonomous loop policy",none,"SAFE/YOLO approval routing and approval request/decision events added"
2026-02-21T11:43:22Z,codex,06,backend,pass,"src/main/assistant/assistant-bridge.ts;src/main/ipc/handlers/assistant-handlers.ts;src/preload/index.ts",0,"NONE (deferred to Phase 12 policy)","Deferred by autonomous loop policy",none,"Event retention/filter/export/clear support added"
2026-02-21T11:50:33Z,codex,07,backend,pass,"src/main/assistant/assistant-bridge.ts;src/main/ipc/handlers/assistant-handlers.ts;src/preload/index.ts",0,"NONE (deferred to Phase 12 policy)","Deferred by autonomous loop policy",none,"Session create/list/rename/delete/archive/select + thread reset contract added with persistence"
2026-02-21T11:57:43Z,codex,08,backend,pass,"src/main/assistant/assistant-bridge.ts;src/main/assistant/types.ts;src/main/ipc/handlers/assistant-handlers.ts;src/preload/index.ts",0,"NONE (deferred to Phase 12 policy)","Deferred by autonomous loop policy",none,"Structured context insertion + token estimate endpoint added"
2026-02-21T12:03:19Z,codex,09,backend,pass,"src/main/assistant/assistant-bridge.ts;src/main/ipc/handlers/assistant-handlers.ts;src/preload/index.ts",0,"NONE (deferred to Phase 12 policy)","Deferred by autonomous loop policy",none,"Conversation export contract implemented (markdown/json)"
2026-02-21T12:09:47Z,codex,10,backend,pass,"src/main/assistant/assistant-bridge.ts;src/main/assistant/types.ts;src/main/ipc/handlers/assistant-handlers.ts;src/preload/index.ts",0,"NONE (deferred to Phase 12 policy)","Deferred by autonomous loop policy",none,"Model metadata/profile presets/per-project model defaults added"
2026-02-21T12:14:12Z,codex,11,backend,pass,"src/main/assistant/assistant-bridge.ts",0,"NONE (deferred to Phase 12 policy)","Deferred by autonomous loop policy",none,"Auto-reconnect + transient retry + missing-model fallback + crash-safe state reset added"
2026-02-21T12:18:28Z,codex,12,backend,blocked,"src/main/assistant/assistant-bridge.ts;src/main/ipc/handlers/assistant-handlers.ts;src/preload/index.ts",0,"npx tsc --noEmit --target ES2020 --module ESNext --moduleResolution Bundler --skipLibCheck src/main/assistant/types.ts src/main/assistant/assistant-bridge.ts src/main/ipc/handlers/assistant-handlers.ts src/preload/index.ts; npm run build","targeted tsc passed; npm run build did not complete in-session (stalled at renderer transform)","Build validation did not complete", "Workflow endpoints + telemetry integrity checks implemented; final build completion remains unresolved"
